transaction_type,account_id,amount,asset_id,asset_name,asset_symbol,asset_decimals,timestamp,hash
deposit,0x771c4150bc2bfe4df9632513c2948c2754911a4d,10.0,0x833589fcd6edb6e08f4c7c32d4f71b54bda02913,USD Coin,USDC,6,2024-06-13 16:20:53,0x000355b4b45570b893082af01778c4dee91c65469e0863420581cadbd998bb6e
withdraw,0xaeeb3898ede6a6e86864688383e211132baa1af3,0.006000717355799021,0x4200000000000000000000000000000000000006,Wrapped Ether,WETH,18,2024-06-12 08:24:25,0x000a83d834f33b59463a4aba41ce1e83c0766dc7590986669945fcb201d13e52
withdraw,0xaeeb3898ede6a6e86864688383e211132baa1af3,0.002500459938058503,0x4200000000000000000000000000000000000006,Wrapped Ether,WETH,18,2024-06-12 06:46:57,0x000de8507c788d91684fe97659d642a774bf69eef28c7e0bf3353ff748a27a11
deposit,0x37801d13f75b00bd97e7183ea5a6d0329b29be63,0.08745112324005956,0x4200000000000000000000000000000000000006,Wrapped Ether,WETH,18,2024-06-11 12:17:53,0x00096ab4606d91adbe1be06b27dd43e11a42965c7a73cba6c018146907efca19
deposit,0xdef31baf58f7f4d9a77cb4cff40b343f8ca822e9,3.0,0x833589fcd6edb6e08f4c7c32d4f71b54bda02913,USD Coin,USDC,6,2024-06-11 07:24:29,0x001bb2fd4bcbe070c17e272406f88680821a360b3f909e1cc1ac1fca7ad96976
withdraw,0xaeeb3898ede6a6e86864688383e211132baa1af3,0.00011698117908289,0x4200000000000000000000000000000000000006,Wrapped Ether,WETH,18,2024-06-10 05:39:09,0x001bdbfc1037e7002dc96d99fe667a92590a4e17e11951e4d3cbab32d08b4a36
withdraw,0xaeeb3898ede6a6e86864688383e211132baa1af3,0.002169554153177658,0x4200000000000000000000000000000000000006,Wrapped Ether,WETH,18,2024-06-09 02:20:37,0x00054a38081389903aaa64b734d780b20d4e1b2d7264ddece4b8482d98d4174e
withdraw,0xaeeb3898ede6a6e86864688383e211132baa1af3,0.5562842480510524,0x4200000000000000000000000000000000000006,Wrapped Ether,WETH,18,2024-06-09 00:26:01,0x0006863c6cddb106e30c2df0ad24456c9e01509b50720bdcd48088811d3e7127
deposit,0x18c40c115f0f100d0334bf7ece80274bfb41b857,3.250203340497e-06,0x4200000000000000000000000000000000000006,Wrapped Ether,WETH,18,2024-06-06 16:53:33,0x0010ffa3e39872fce17645e4b02e6d5ee008837740011ebfd095818902c18a67
withdraw,0xaeeb3898ede6a6e86864688383e211132baa1af3,1.6270001374020677,0x4200000000000000000000000000000000000006,Wrapped Ether,WETH,18,2024-06-05 18:32:31,0x00246602fc54604381315a2f94c7e8c097d23794f6e07743e92561a0fff7df78
withdraw,0xaeeb3898ede6a6e86864688383e211132baa1af3,0.001000085177887002,0x4200000000000000000000000000000000000006,Wrapped Ether,WETH,18,2024-06-05 14:14:57,0x000af4f506c7a0f5cdeedf06fdda1105a8a2c45fd67de00669f05982f8062808
withdraw,0xaeeb3898ede6a6e86864688383e211132baa1af3,3.6802769041091e-05,0x4200000000000000000000000000000000000006,Wrapped Ether,WETH,18,2024-06-05 08:25:41,0x0018c0ebb1ba2e888ff9685e70092723541e2dfcabad3851367094a7fdd46fc0
deposit,0xef67a80d511e485883f343584ddc97c55a1c1147,0.001151821000768652,0x4200000000000000000000000000000000000006,Wrapped Ether,WETH,18,2024-06-04 02:01:59,0x0015bbe536fa997fb8c278ce7053b8d0226abfb653f0bfc5f5b94bba80a45fe7
deposit,0xb33941984a22eda37fe45a8b63b97a6c0499f29d,0.08899926846712924,0x940181a94a35a4569e4529a3cdfb74e38fd98631,Aerodrome,AERO,18,2024-06-02 18:57:59,0x001934df43513a946bb4d8f3627d770516361d4f8a574088cafee17005a3833b
withdraw,0xaeeb3898ede6a6e86864688383e211132baa1af3,0.001658393553781028,0x4200000000000000000000000000000000000006,Wrapped Ether,WETH,18,2024-06-02 09:09:27,0x0008c0fed3d9b4b369a15d48424005d0b51c952c36fea6caa67b818ea34337f4
withdraw,0xaeeb3898ede6a6e86864688383e211132baa1af3,0.4299990583561966,0x4200000000000000000000000000000000000006,Wrapped Ether,WETH,18,2024-05-31 06:30:11,0x001e0bef8a45e50dd12020c227643c4e3021bebabba3d0ff88e8aa03a668b71f
deposit,0x0fa2b3fa5f2a3b8836e69c9db77fc6505d75c939,0.02241365593562054,0x4200000000000000000000000000000000000006,Wrapped Ether,WETH,18,2024-05-30 19:40:51,0x000cfa7980417de14d83adf28241683ee30bc2a5f1f33929ec8f8940594004d6
deposit,0xa170994bf487e90e349fb703056efa60a61b94d4,0.16474335060092252,0x4200000000000000000000000000000000000006,Wrapped Ether,WETH,18,2024-05-30 07:05:41,0x0005dde8750ff792d6bd57e761e4c6daf257c93897dd6cb893ec7b023e00bffc
deposit,0xc1ee91251b20f6605624a2c0ef0c37f2803f1670,0.345,0x4200000000000000000000000000000000000006,Wrapped Ether,WETH,18,2024-05-29 06:47:53,0x0007aea09ec96121640d6a92012d09fbf95276f5f7199667cb2726de5b990fad
withdraw,0xaeeb3898ede6a6e86864688383e211132baa1af3,0.24140308206145122,0x4200000000000000000000000000000000000006,Wrapped Ether,WETH,18,2024-05-28 21:04:59,0x00222952dfdfabf8c3e38bceb3918ad9f70c45539875a7c7ca79880c76e700d9
withdraw,0xaeeb3898ede6a6e86864688383e211132baa1af3,0.6320005953979208,0x4200000000000000000000000000000000000006,Wrapped Ether,WETH,18,2024-05-28 17:36:59,0x0026bcb5adf2eab1521a0f40c1cfd90095cccf7efb4edd2d1fd1e38f5dcc5f33
deposit,0x4b43a9f05ef9f3545065423ee0a5c4c3ac5ee5c2,0.0011584,0x4200000000000000000000000000000000000006,Wrapped Ether,WETH,18,2024-05-28 08:26:05,0x000f226a77e18ae28ad508ebda017d0dabe1d307764187df95bdd7267eb0f538
deposit,0x62d68dc31c267418585e1afd64f3c69918fa7bc5,0.02922,0x4200000000000000000000000000000000000006,Wrapped Ether,WETH,18,2024-05-28 02:05:59,0x00055d4e34ecf2a5a2d56f2a814335d18182d710f323f770f7b09cc2e6b7ea0f
withdraw,0xaeeb3898ede6a6e86864688383e211132baa1af3,0.002910378687937693,0x4200000000000000000000000000000000000006,Wrapped Ether,WETH,18,2024-05-26 07:19:41,0x00193253e1604e289e8f473ecab234ac3f74f83bac9a2e80a06befd5eff05b93
withdraw,0xaeeb3898ede6a6e86864688383e211132baa1af3,0.006001005727524967,0x4200000000000000000000000000000000000006,Wrapped Ether,WETH,18,2024-05-25 15:44:21,0x002155320f16286590e280ebbb06632e2ef4d9f17c84eb50e4129af2741b0b35
deposit,0x4de159835e0b6c261599b6a3defc35159168f352,0.085,0x4200000000000000000000000000000000000006,Wrapped Ether,WETH,18,2024-05-24 06:56:37,0x00145181db84e62441cc5a0543a63d4edfa09dfb8338d548e29e08b074163326
deposit,0x6959938d66b8750f0093f6094afd675041a57d05,0.9,0x4200000000000000000000000000000000000006,Wrapped Ether,WETH,18,2024-05-23 05:40:55,0x0009fc8f0d73f4a22753086ae3aee19d74da662fce09408740c5b395a7368f6d
withdraw,0xaeeb3898ede6a6e86864688383e211132baa1af3,0.003886582721316335,0x4200000000000000000000000000000000000006,Wrapped Ether,WETH,18,2024-05-22 20:54:53,0x001d58c757a2f7d0a3e0f2942c68679f181b29c2131302af80b06cc2451d93c2
withdraw,0xaeeb3898ede6a6e86864688383e211132baa1af3,0.025156001090973826,0x4200000000000000000000000000000000000006,Wrapped Ether,WETH,18,2024-05-22 10:19:53,0x001f43233bafd92e09f45999214e30d93263c7b29ba5f07b14255a427242a1d5
withdraw,0xaeeb3898ede6a6e86864688383e211132baa1af3,0.004999732478021256,0x4200000000000000000000000000000000000006,Wrapped Ether,WETH,18,2024-05-22 04:44:03,0x00284f2daad8ce884cce714a6f7f91c3053d10c5cf3e7146cd0fab257deb4a42
withdraw,0xaeeb3898ede6a6e86864688383e211132baa1af3,0.9800266992682852,0x4200000000000000000000000000000000000006,Wrapped Ether,WETH,18,2024-05-21 00:19:07,0x00193b6d861db5d0d9b9c1362758e330bcc30bb2b0d4659b90b2f309496a7fe1
deposit,0x1f17d9ce224ec4af22d57c4f17a82ed7bae74bfa,0.08912566901123148,0x4200000000000000000000000000000000000006,Wrapped Ether,WETH,18,2024-05-20 13:19:05,0x00157cb4b6109fdb77b8cb55498d33f82b4b94a59698522075dc2347302711ae
withdraw,0xaeeb3898ede6a6e86864688383e211132baa1af3,0.002861160622842165,0x4200000000000000000000000000000000000006,Wrapped Ether,WETH,18,2024-05-18 03:11:11,0x00144b5101b013b44afbd9d0ada411cbccf229e2fc0420f4a64cdc4ff1975906
deposit,0xfe9df73c9c801653b581bff0abedcbb63fda2612,0.007001,0x4200000000000000000000000000000000000006,Wrapped Ether,WETH,18,2024-05-17 20:18:21,0x0005f105c9f41a3928a9ca158daa248ee08e92a2c5e4e46ef8549bea40a2bffd
withdraw,0xaeeb3898ede6a6e86864688383e211132baa1af3,1.1000109615134772,0x4200000000000000000000000000000000000006,Wrapped Ether,WETH,18,2024-05-16 10:52:47,0x0016ffb5b56e8e09b9929019e573863d14ebb1539f27c4ba9d35e07b32644934
deposit,0xea749b29adbebcdeffe1a3575d6ebcdb06da4857,0.32620504,0x4200000000000000000000000000000000000006,Wrapped Ether,WETH,18,2024-05-16 01:57:07,0x00191be0106d973f01d046c1c43c7027a14aae23b8f0857280fe196a1947d99c
deposit,0x3a7ded407df2cce0c88d578de1f229e38c8471db,0.02,0x833589fcd6edb6e08f4c7c32d4f71b54bda02913,USD Coin,USDC,6,2024-05-14 16:02:33,0x001c4cc055e23d4b5953f07c9432e364650e58469a689899a2eb609f151a32a8
deposit,0xadc2bce28360112066895743d9808be6a19f5761,0.002796462127300851,0x4200000000000000000000000000000000000006,Wrapped Ether,WETH,18,2024-05-14 09:13:15,0x000a6f95c7ac8fdce72e887b2f93a5e330f1782b18a3dc8da76a075f26c8f409
withdraw,0xaeeb3898ede6a6e86864688383e211132baa1af3,0.006171873391213091,0x4200000000000000000000000000000000000006,Wrapped Ether,WETH,18,2024-05-13 09:59:47,0x0002545ad8af1a60e3897f7006b53dc09f15c79af06c0bcffdb8f305903c3a0e
withdraw,0x983601f85a8f842b549110d4349a5fc3fdef4360,1.002381054329469,0x1c7a460413dd4e964f96d8dfc56e7223ce88cd85,Seamless,SEAM,18,2024-05-12 08:46:29,0x00056b62b57f1f008b55bfb97538d84da890ff2ca09e3bc1b41f297b424a37e0
withdraw,0xaeeb3898ede6a6e86864688383e211132baa1af3,0.08533278394932169,0x4200000000000000000000000000000000000006,Wrapped Ether,WETH,18,2024-05-12 07:14:21,0x0024b96aa297750d781c6e353cd1b318befc026d2a00a84fe8733aa1a64917bd
withdraw,0xaeeb3898ede6a6e86864688383e211132baa1af3,0.40122275468654145,0x4200000000000000000000000000000000000006,Wrapped Ether,WETH,18,2024-05-11 12:03:09,0x00111701b43b46656d8e53d44640be34d62a8317b769ac99d99e75fbb0eeef39
withdraw,0xaeeb3898ede6a6e86864688383e211132baa1af3,0.4522893443092365,0x4200000000000000000000000000000000000006,Wrapped Ether,WETH,18,2024-05-11 00:00:05,0x001ee36a899f54f39a0bca427b1f39ea6e62951256615a8850c8deb4512a3253
withdraw,0xaeeb3898ede6a6e86864688383e211132baa1af3,0.4341140117325184,0x4200000000000000000000000000000000000006,Wrapped Ether,WETH,18,2024-05-10 23:56:11,0x000f18fe38658e1ff589f651b65cb57ab58c1f9f7a15ea2362283c82d1686d0c
withdraw,0xaeeb3898ede6a6e86864688383e211132baa1af3,0.38984320200700795,0x4200000000000000000000000000000000000006,Wrapped Ether,WETH,18,2024-05-10 22:13:33,0x0021fffc48e0da9d278ae5ba231ac9fb59507a33c13a985aae8020d8cf9c59f1
withdraw,0x911679a2f25705b8fa3e231630dd4c1b44559dc3,1.494299,0xd9aaec86b65d86f6a7b5b1b0c42ffa531710b6ca,USD Base Coin,USDbC,6,2024-05-10 07:20:09,0x001ec9dcc24ca2c755e44f8455b8077c23df5c82e16f560d21b55d424aaf18f4
withdraw,0xaeeb3898ede6a6e86864688383e211132baa1af3,0.005455558023002395,0x4200000000000000000000000000000000000006,Wrapped Ether,WETH,18,2024-05-10 01:27:23,0x0029bbc7ea22e88e9b86f669b65240746dbcda76e82280a2fae877853fc9656e
withdraw,0xaeeb3898ede6a6e86864688383e211132baa1af3,0.2776689069435222,0x4200000000000000000000000000000000000006,Wrapped Ether,WETH,18,2024-05-09 16:14:03,0x002226d2199ce22c48e91507bea9c19ed75a13a9cc037cb292eb2ee03e2b533e
deposit,0x7271a55e7355a137b24d68f3f0481b1cc14138a2,1.480987,0x833589fcd6edb6e08f4c7c32d4f71b54bda02913,USD Coin,USDC,6,2024-05-09 10:47:31,0x000fc6fc4b411903725f39f041c3ae4789d10729cc1b283af1881b23f49bc073
withdraw,0x9424ad1e800c42b2e574c715ca4409d035c385a4,0.449202,0xd9aaec86b65d86f6a7b5b1b0c42ffa531710b6ca,USD Base Coin,USDbC,6,2024-05-08 11:58:43,0x001f922a511136f67d452dc2541ff5eda800198ff5e0b41a853040b181fdf590
deposit,0x1c4fe32c0bca130e0ec13c80b4fe303892bc1398,0.001000988305874775,0x4200000000000000000000000000000000000006,Wrapped Ether,WETH,18,2024-05-08 07:04:29,0x00130c3c6d1feb3a639eade06e2514a6868f5ae0687af7e6861ef4649fd91bbd
deposit,0x13da871199ca450ed7343d8e2bf928ba712b68c3,0.00055313956055996,0x4200000000000000000000000000000000000006,Wrapped Ether,WETH,18,2024-05-08 02:16:47,0x000bf7cdd6b73eb09d238c80cf3fa107a84e4e06b20325173dc5a69a52be1d74
withdraw,0xaeeb3898ede6a6e86864688383e211132baa1af3,0.001684746179613976,0x4200000000000000000000000000000000000006,Wrapped Ether,WETH,18,2024-05-07 18:47:59,0x00254bf4b75f0c9e0c8948efa8f00eccf9dad032eabe2c56fac0a21d881bf0a4
deposit,0x372b38ef359146ef4203a3d6c5304f108e9d2a19,0.00273,0x4200000000000000000000000000000000000006,Wrapped Ether,WETH,18,2024-05-07 15:40:25,0x00128e3b1a76d1463c99afa4d4dd586e9825b2f351e8b568e8ccc5712570e8f4
deposit,0xf4b085563fca421c482abf901db0e3d026656fee,1e-06,0x4200000000000000000000000000000000000006,Wrapped Ether,WETH,18,2024-05-07 08:40:19,0x0012ee35ee8b8d846101bebed6e5932aeb0bfed380ce7b8083649179079d727f
deposit,0xa5bccf54ff64f2aca833c9e9db3078e1f4eba799,0.01,0x833589fcd6edb6e08f4c7c32d4f71b54bda02913,USD Coin,USDC,6,2024-05-06 07:05:39,0x0018b25c291b3d892eee8586e3b239512e00ccfb065d84fcede2a835f90fdc0f
deposit,0x73cef97fbbcbf92375c1a82dbe8c216624f2ddfe,0.00287,0x4200000000000000000000000000000000000006,Wrapped Ether,WETH,18,2024-05-05 22:32:57,0x001cc684fdc1966a415f90e34b34634444f8816e29ad8addff26b65e9a90bc46
deposit,0x267ef35ef79766983f093ffc1751dd3549068b3a,5.0,0x833589fcd6edb6e08f4c7c32d4f71b54bda02913,USD Coin,USDC,6,2024-05-05 20:50:23,0x000d0a1ff70977e9baa04fe97b6d29654ac32ae6dcdd46e0b529734f9e16fafc
deposit,0x4ce2d7a11ef826ceef7019605aa9bf13c98c9605,10.0,0x833589fcd6edb6e08f4c7c32d4f71b54bda02913,USD Coin,USDC,6,2024-05-05 15:10:25,0x001328a50ef3038d1386ba1408d27c4c03c4f02928223d465f373dc35dfc57d6
withdraw,0xa06e040eabf1b9f1fbf02d1fc9246066b7696b2a,700.0,0x833589fcd6edb6e08f4c7c32d4f71b54bda02913,USD Coin,USDC,6,2024-05-04 05:23:07,0x00204e7580c5666ac01b9b6a6e577166321d168dfed2b4ee61ed19638fa69dbe
deposit,0x6cf7a2244b133e3878a0ff71761663fa78df7755,5.3e-05,0x4200000000000000000000000000000000000006,Wrapped Ether,WETH,18,2024-05-03 19:13:17,0x0005bee8d15b5bbe3a29a04109ec79bab13cd03433274b92f1f1cdf31a199d11
withdraw,0xaeeb3898ede6a6e86864688383e211132baa1af3,0.06734610147570966,0x4200000000000000000000000000000000000006,Wrapped Ether,WETH,18,2024-05-03 07:04:41,0x001bc42bbcd3c5105204a0670162d3aa8f7f9aa45b62a448ad72977ba2db98e4
deposit,0x832254a7fe8e62253789b2549b90c8de9f9e2236,0.00862,0x4200000000000000000000000000000000000006,Wrapped Ether,WETH,18,2024-05-03 05:28:57,0x001341d6f39bf3d4ad2305b14549bee6dd696a2dae4739915aef22ba0f32b860
withdraw,0xaeeb3898ede6a6e86864688383e211132baa1af3,1.1611634652086813,0x4200000000000000000000000000000000000006,Wrapped Ether,WETH,18,2024-05-02 18:35:03,0x00162d48b057e1b3d9a026ba3fd132a4fc74d516ff30d24bd29b84c4032a3496
withdraw,0xaeeb3898ede6a6e86864688383e211132baa1af3,0.010114684801510976,0x4200000000000000000000000000000000000006,Wrapped Ether,WETH,18,2024-05-02 17:04:43,0x00262217f71f8a6408df981005beaa6db584e76400eaa3da55d1a1bbbc39a009
withdraw,0xaeeb3898ede6a6e86864688383e211132baa1af3,4.131000163210543,0x4200000000000000000000000000000000000006,Wrapped Ether,WETH,18,2024-05-02 01:42:45,0x000f90de2ec38f1668a38e78283e88c548e2486817804d06c5c732312312e745
withdraw,0xaeeb3898ede6a6e86864688383e211132baa1af3,0.08556677087705868,0x4200000000000000000000000000000000000006,Wrapped Ether,WETH,18,2024-05-01 10:59:17,0x000bb08212a587fd9176a87a3aaaa44e6eba8d7c5c312488845fbcc2c6376ede
withdraw,0xaeeb3898ede6a6e86864688383e211132baa1af3,0.08976574274847075,0x4200000000000000000000000000000000000006,Wrapped Ether,WETH,18,2024-05-01 07:14:19,0x0010a4266c0b23d68db1c0dc142608dd364ab4a936833c1e7c409d3d5d8b3191
withdraw,0xaeeb3898ede6a6e86864688383e211132baa1af3,0.08029429246732808,0x4200000000000000000000000000000000000006,Wrapped Ether,WETH,18,2024-04-27 14:53:23,0x001da35fb610738127647c7a1ffc08e5d00476cee2642708af7ecd64a9ee2bbe
deposit,0x4998e08bc9fa00ab37ba40506c2d2ae74772ff81,3.0,0x833589fcd6edb6e08f4c7c32d4f71b54bda02913,USD Coin,USDC,6,2024-04-27 08:28:17,0x001d5638d65f4f6a668f1063efa84622b190729c87a583e6038c70bc1d68194d
withdraw,0xaeeb3898ede6a6e86864688383e211132baa1af3,0.318,0x4200000000000000000000000000000000000006,Wrapped Ether,WETH,18,2024-04-26 13:13:19,0x000fa20e4fe3f8846a0486767514c2a8f005bc6539b42525db8ccbce86d49bef
withdraw,0xaeeb3898ede6a6e86864688383e211132baa1af3,0.0005,0x4200000000000000000000000000000000000006,Wrapped Ether,WETH,18,2024-04-26 12:31:07,0x001a349ff5720b2f3fbc850db8956e78989edf215bf8405878f83001f6c773c6
deposit,0x618fcfcaa936243e3462908abb20aed72b400558,0.0016,0x4200000000000000000000000000000000000006,Wrapped Ether,WETH,18,2024-04-25 23:33:49,0x001915ebc5dce4141ff79532f59eec8a2f194bd87a33372014560a3c3106b56a
deposit,0x17bc27e9535140ef3c75552810d07eb2abae56b9,0.00025,0x4200000000000000000000000000000000000006,Wrapped Ether,WETH,18,2024-04-25 08:25:35,0x0018ddc23b3c2bed8fa7a53351117616cc68aa4f647e85bf65436bf13289ffa8
withdraw,0xaeeb3898ede6a6e86864688383e211132baa1af3,0.003115025660199012,0x4200000000000000000000000000000000000006,Wrapped Ether,WETH,18,2024-04-25 04:56:57,0x000a8666c041efdd5ebe8b0d3c7b32154de2c4bee9297759a0487597c4239f5d
deposit,0xacb9697863eb40748531a5f404f2ae8121cc5f87,0.00415,0x4200000000000000000000000000000000000006,Wrapped Ether,WETH,18,2024-04-24 21:54:21,0x0019285b8c1b365b0b5a81ebdc16866a1417c1d11f889fda94ec17ec0c25605e
deposit,0xa4bd256693b035242a0e643be2d60add9fe7cdcf,0.3559808616766996,0x4200000000000000000000000000000000000006,Wrapped Ether,WETH,18,2024-04-24 12:05:19,0x000eb43608cd6d148d2db16960c10c6af2a656c20a5065f284ef94df9df7d253
withdraw,0xaeeb3898ede6a6e86864688383e211132baa1af3,0.001972442033835177,0x4200000000000000000000000000000000000006,Wrapped Ether,WETH,18,2024-04-24 11:13:55,0x000b41f7c0517fbf2c803f9429150ef0af71e88deb82afad2b21f3d1421aec6e
withdraw,0xaeeb3898ede6a6e86864688383e211132baa1af3,0.031489849376598676,0x4200000000000000000000000000000000000006,Wrapped Ether,WETH,18,2024-04-23 19:20:09,0x00092d45769b2a1647780227c5b5ba634f0a6786e68b74127f343eeadbb182d1
deposit,0x37c64492aeed98c556c0afbaaffd2808f69a25be,0.01,0xd9aaec86b65d86f6a7b5b1b0c42ffa531710b6ca,USD Base Coin,USDbC,6,2024-04-23 16:57:09,0x000d5fb0f6d7006a10df5e45b0175bd4cde065d134f674e3b336f949229587ae
deposit,0x80a0280a6fdb26ff1fdec281918c5a0486c9c48e,1e-05,0x4200000000000000000000000000000000000006,Wrapped Ether,WETH,18,2024-04-23 09:20:49,0x000ec44f3c76636b7a29594dda63eef0667d231a527f5ceab1a1b443a95546a3
deposit,0x2c4d76769e7cc20f2e5bc039eb8de03cbf160bef,8.9e-05,0x4200000000000000000000000000000000000006,Wrapped Ether,WETH,18,2024-04-23 01:50:53,0x0016b7cba6644de7602fa32f84cbe59c64f99a09e9289e2df8c19cd66fb15ae5
deposit,0x867145599f76f0c7dfe25f98814fd0b32322c5c7,9.9e-05,0x4200000000000000000000000000000000000006,Wrapped Ether,WETH,18,2024-04-22 22:10:37,0x001ef626718c88246dbb5f337f3abb0bde394c2b473d6dcb4e45d4060ae0a517
deposit,0x0506811df1f5432c8e0da5bce84319c081352b65,0.001,0x4200000000000000000000000000000000000006,Wrapped Ether,WETH,18,2024-04-22 19:46:55,0x000c81710a3750e887662e808cd762814ef3c8265d3fb7416152cafbd1b3949c
deposit,0x4bae986ca78142127f893ccbdafaf91809a7ea08,0.000195,0x4200000000000000000000000000000000000006,Wrapped Ether,WETH,18,2024-04-22 04:46:09,0x001375452e880f6487195b47442e5c8539ef3e187978fdffb19a302588c05398
withdraw,0xaeeb3898ede6a6e86864688383e211132baa1af3,0.14149861224024476,0x4200000000000000000000000000000000000006,Wrapped Ether,WETH,18,2024-04-21 10:09:33,0x002557f16956c38a4557277092a0e824c10b29363ae2d45c1f1ebea0c35744db
deposit,0x6919ca1b7bd1250a851f35e9c7e495b0922053bd,8.4e-05,0x4200000000000000000000000000000000000006,Wrapped Ether,WETH,18,2024-04-19 17:05:07,0x000947eeefbc258fd282c86ab5f109702cfc484d2d19e33916ce5186831432b3
withdraw,0xaeeb3898ede6a6e86864688383e211132baa1af3,0.26934383002565343,0x4200000000000000000000000000000000000006,Wrapped Ether,WETH,18,2024-04-19 09:09:47,0x0007ffecf9a28ada3e73aaceb9b8108141530ca5c089e1c99d834319007272e7
withdraw,0xaeeb3898ede6a6e86864688383e211132baa1af3,0.1691085942561144,0x4200000000000000000000000000000000000006,Wrapped Ether,WETH,18,2024-04-18 22:50:27,0x000a74a81472c9d497ba99dcee346f98a7438eb9fe2ae8cc25d82f89ddbc3fce
deposit,0xb0fda71e61bac82689a7b893e2925b86454cb4bf,0.62,0x4200000000000000000000000000000000000006,Wrapped Ether,WETH,18,2024-04-18 13:31:17,0x001e204f628e9766a3e5cf29ab43346d63162cba36737e04d3119f76e74bee51
withdraw,0xf3396379f0292adb45342159688a37b6cc6b54ce,62.807907,0x833589fcd6edb6e08f4c7c32d4f71b54bda02913,USD Coin,USDC,6,2024-04-18 10:09:47,0x0028f929f7f3314ef541a80ecacd202c6ec87b7e82a64ad6d6ba74d69e1c31ae
deposit,0x2ce851e13c3afc0f77d2763feaac71f13ad9318c,9.6e-05,0x4200000000000000000000000000000000000006,Wrapped Ether,WETH,18,2024-04-17 01:20:49,0x000cca603aad1c0c257e4110743629776775e19b5d1b9dec1f8261835ec0c8be
deposit,0x11f75669819f8e7e89aa0f381d16a0092bb19264,0.00035,0x4200000000000000000000000000000000000006,Wrapped Ether,WETH,18,2024-04-16 12:23:13,0x00124a94fa6f1596b53c814cbdb85930ed8641a37f083b93d2b84cd44290931d
deposit,0x798ba0655a3bd0d6f49a9b6937515b2f049c5266,1e-05,0x4200000000000000000000000000000000000006,Wrapped Ether,WETH,18,2024-04-16 12:16:57,0x000b24a28bb810fb8eed47bce01955e13ad73cddaefe8a3691d8cd24d8ec4343
withdraw,0xaeeb3898ede6a6e86864688383e211132baa1af3,0.6351540060611633,0x4200000000000000000000000000000000000006,Wrapped Ether,WETH,18,2024-04-15 07:03:29,0x0025b3d8ca85171563bc1481c34acc927dd59ad14639ade712be0e17962c1a0f
deposit,0x0608b808c0460d2c9e16d07f20b7566051f9ee0b,0.00062828263,0x4200000000000000000000000000000000000006,Wrapped Ether,WETH,18,2024-04-15 00:34:39,0x0013ab7192890f62c65ef175cc2d482f1088dd77d26c1fac5a74a572517c76a3
withdraw,0xaeeb3898ede6a6e86864688383e211132baa1af3,0.1207647811023992,0x4200000000000000000000000000000000000006,Wrapped Ether,WETH,18,2024-04-14 20:14:59,0x000e19f44314b5cab76e870cc44da2f7fa592da64083312963747ae65d423b87
deposit,0x461638ba9203f06ac8cc1aa3953242193e0315d5,0.001,0x4200000000000000000000000000000000000006,Wrapped Ether,WETH,18,2024-04-14 15:42:55,0x001548f12d4c23fde7359b7c5b500c9d152f578aa281d9ef18b531568576026f
withdraw,0xaeeb3898ede6a6e86864688383e211132baa1af3,0.001000000080349644,0x4200000000000000000000000000000000000006,Wrapped Ether,WETH,18,2024-04-14 12:41:15,0x0013b739a75dd976740b8d755917e796feeb4a0a6bdcacfcffd244f54d5db09e
withdraw,0xaeeb3898ede6a6e86864688383e211132baa1af3,0.23802439586097104,0x4200000000000000000000000000000000000006,Wrapped Ether,WETH,18,2024-04-14 01:42:01,0x00160def2bc41da6128b2b5356fc78f03c5dd03cf8bf4db954e318fb83912d18
withdraw,0xaeeb3898ede6a6e86864688383e211132baa1af3,0.18507051747193326,0x4200000000000000000000000000000000000006,Wrapped Ether,WETH,18,2024-04-14 00:18:35,0x001c7271f98c9ee1140a4f4b514100eb35f7854388ea9192135e3850a31abc62
deposit,0x3ecdd4b523163bb19fbb2d7728dd48855ba133df,1e-06,0x4200000000000000000000000000000000000006,Wrapped Ether,WETH,18,2024-04-13 19:01:03,0x0007e87ad939443c76efce65b802f3ac693c7cb1de2bba00ab1f2b96b19d6c45
deposit,0x6b2e0718902f8bee8bac3cefa98e90868ade4a57,0.20637686029292,0x4200000000000000000000000000000000000006,Wrapped Ether,WETH,18,2024-04-13 16:09:03,0x000a12dc7a5c4afcd0ef12b474264e5698cd34b9c8a056975a560208ff9eae44
deposit,0xe0b8c2c883d8f9306c714fbfe83ff873dbf310c4,0.5693694977052038,0x4200000000000000000000000000000000000006,Wrapped Ether,WETH,18,2024-04-13 08:48:25,0x0009f580814f3f223e4c1ca4b9f6818c7c0591d0bd53f9944d1e8f5e11ac6f00
deposit,0x22539dae0aa613512ed8642fce92a62eaa161f45,0.2706627950744403,0x4200000000000000000000000000000000000006,Wrapped Ether,WETH,18,2024-04-13 06:25:59,0x0000840f2fb39f5b2a2bd3caa352c7727f2b1ea547991824c654bd5e34998e11
deposit,0x06b93a9a76ec5d400f705670d9596870a7413026,0.7781311713199165,0x4200000000000000000000000000000000000006,Wrapped Ether,WETH,18,2024-04-12 21:54:51,0x000390ed23f2d12ebd13c9ee6846f860bfe27366b3eb7950ccf90bdcfc0860fe
withdraw,0xaeeb3898ede6a6e86864688383e211132baa1af3,0.14986687232873203,0x4200000000000000000000000000000000000006,Wrapped Ether,WETH,18,2024-04-12 16:07:17,0x00168fc47938aeb047915a5ff277a7ac803aeff243ad27f42f8ec843f763d98d
withdraw,0xaeeb3898ede6a6e86864688383e211132baa1af3,0.2005290282383974,0x4200000000000000000000000000000000000006,Wrapped Ether,WETH,18,2024-04-12 12:38:15,0x00294a13490bf5e4e587fa98cdabe23c65b41a224057243df0c1c1dd770f77e3
withdraw,0xaeeb3898ede6a6e86864688383e211132baa1af3,0.17000381241712967,0x4200000000000000000000000000000000000006,Wrapped Ether,WETH,18,2024-04-12 11:18:07,0x0010445a48a2a4da4e8b784964fa3c264ad78d232fc3679cc1f03a1f057c28d0
withdraw,0xaeeb3898ede6a6e86864688383e211132baa1af3,0.5046159567565461,0x4200000000000000000000000000000000000006,Wrapped Ether,WETH,18,2024-04-12 05:35:07,0x000910c5dd5758e366b17e4c741ed076df432ee315b3e27b61c15e85b0d00aab
deposit,0xc460b9bc529eb51b3008aab230b7a8bb1da23864,0.000197727400797989,0x4200000000000000000000000000000000000006,Wrapped Ether,WETH,18,2024-04-12 05:05:05,0x000a6fb28c5ab7ad5109b9c6d4f093465a8451a1af17b82f2eab482942f466cb
withdraw,0xaeeb3898ede6a6e86864688383e211132baa1af3,0.49183424420325383,0x4200000000000000000000000000000000000006,Wrapped Ether,WETH,18,2024-04-12 02:53:37,0x0001a0e0c39951a4ca92e31beeda8f1459ce07b96b4c9f33627afbd7ca351228
withdraw,0xaeeb3898ede6a6e86864688383e211132baa1af3,0.4086656053992422,0x4200000000000000000000000000000000000006,Wrapped Ether,WETH,18,2024-04-12 01:35:27,0x00083e30d72a0b4c89f64d2de3c0193b94db9dac6e76ed901624ec1a12af194c
deposit,0x6e6e251ce54e3603a281f818225da51e68e2b296,1510.0,0xd9aaec86b65d86f6a7b5b1b0c42ffa531710b6ca,USD Base Coin,USDbC,6,2024-04-11 22:58:39,0x00066b28574aeb54ae326e1acb8c2a9fb6c4fcce41b61027777bd2d608a9fd1d
withdraw,0xaeeb3898ede6a6e86864688383e211132baa1af3,0.011662694278595878,0x4200000000000000000000000000000000000006,Wrapped Ether,WETH,18,2024-04-11 09:52:31,0x001bfe80fc80f6cc4fa0a349a12caf6a39d81966b1d3bd428a487a6cba2e6fc9
deposit,0x7037a0ba250e82828d0e38240bc8965397ce73fa,1.569999,0x4200000000000000000000000000000000000006,Wrapped Ether,WETH,18,2024-04-11 08:48:03,0x0011a0ae017997614f4f78628b4f39d96cead53677d115e9bfd37f2a8a4c6b2e
deposit,0xaefc31accaeec0bbac18487e19fd9c4291a4ff8f,0.40389289385404864,0x4200000000000000000000000000000000000006,Wrapped Ether,WETH,18,2024-04-11 07:18:57,0x00085470d67fadebc603d877fd4e93c4574492650464de3ef232e505e82c0e7e
withdraw,0xaeeb3898ede6a6e86864688383e211132baa1af3,0.4507616928243635,0x4200000000000000000000000000000000000006,Wrapped Ether,WETH,18,2024-04-11 06:42:11,0x00283da0bdda3feb2eebb327d69050cabc529aec007a35451d2104ee8ac0f07a
withdraw,0xaeeb3898ede6a6e86864688383e211132baa1af3,0.41473470765029086,0x4200000000000000000000000000000000000006,Wrapped Ether,WETH,18,2024-04-11 05:46:13,0x001fa090b24b0102b082d6f8a009886b3bfa61c71514eab1f25959452f9fc13e
withdraw,0xaeeb3898ede6a6e86864688383e211132baa1af3,0.47041643883251166,0x4200000000000000000000000000000000000006,Wrapped Ether,WETH,18,2024-04-10 17:32:09,0x001155860128ba20aaeb7256c32c01cbab37a29d3acfc14f71ccab5a00ca43d8
withdraw,0xaeeb3898ede6a6e86864688383e211132baa1af3,0.5047823580752921,0x4200000000000000000000000000000000000006,Wrapped Ether,WETH,18,2024-04-10 13:43:19,0x00009790d9eddebbf47c6b7bb01729d759a1cee53ba85e3907096823333d8fea
withdraw,0xaeeb3898ede6a6e86864688383e211132baa1af3,0.7999991011828506,0x4200000000000000000000000000000000000006,Wrapped Ether,WETH,18,2024-04-10 07:33:45,0x0027de8080e61a1cf613943f8cb525ddfa201ede68504fb9c3b0c90cd8927e59
deposit,0xabc5c20c5178d9757d750d4ef2231f3cc9c98cbc,0.001,0x4200000000000000000000000000000000000006,Wrapped Ether,WETH,18,2024-04-10 07:14:09,0x0012e475fb60cee5a89612f367b07abcf0650769734ca0cbaf86ecd0db0e93a9
deposit,0x56f5c784c5663e20b7ea026ce2069689cb7a5f16,0.29194213572617156,0x4200000000000000000000000000000000000006,Wrapped Ether,WETH,18,2024-04-09 14:38:15,0x001be51e9caf3d9eec6e228015c2c6a530769e1e347606aa46356b9db5c763fe
withdraw,0xaeeb3898ede6a6e86864688383e211132baa1af3,0.00098,0x4200000000000000000000000000000000000006,Wrapped Ether,WETH,18,2024-04-08 22:54:13,0x0011c0df1e70767b34dbe293bd363baeb03445bfa3c864a198b09423cf4a617e
deposit,0xa20bcb17f386de76c80488586e05fe51ec06380c,0.461999,0x4200000000000000000000000000000000000006,Wrapped Ether,WETH,18,2024-04-08 22:41:17,0x000674187f4026465d797068e06ed8fb6b540fbe0a42a001b7d23dd293f8640b
deposit,0xefaf524d13ae3a78c0e5da3f747f4e194d47d71c,0.10399118788318397,0x4200000000000000000000000000000000000006,Wrapped Ether,WETH,18,2024-04-08 20:36:47,0x000997ec4d803fecb27bf1b8409e9950f6005be5bdfc9f200bfe8d492cc7b279
withdraw,0xaeeb3898ede6a6e86864688383e211132baa1af3,0.5683379124825565,0x4200000000000000000000000000000000000006,Wrapped Ether,WETH,18,2024-04-08 19:14:05,0x002510c932da8e762e005ecfb9eb20bae07243848a9f01a97de0647f6baabdce
deposit,0x3c852e22c82fa73c16f5e555d57428be95e591b8,0.005,0x4200000000000000000000000000000000000006,Wrapped Ether,WETH,18,2024-04-08 16:28:05,0x0014f81296ae89d5d414d299655f86c946b98c44cfee1016291b4fa24980509a
deposit,0xbbc71a515d1e77eb2e29f64f06dd009b81d710c0,1.677525,0x4200000000000000000000000000000000000006,Wrapped Ether,WETH,18,2024-04-08 11:59:27,0x0009b43fecdc4309495d874c287f84e5cc0df830c02c592006e218609fdc067b
deposit,0x171563f99b55c4b05ba908a2ed9e49f4cfce1f2c,0.017347832145988062,0x4200000000000000000000000000000000000006,Wrapped Ether,WETH,18,2024-04-07 11:31:21,0x001e3912046957ad2e826f50402e8ec927ab11088fbc8bc4108fb8c90ceeeee5
deposit,0xf138fc3f07015f0c257e6a316cd364579e292392,1.83037,0x4200000000000000000000000000000000000006,Wrapped Ether,WETH,18,2024-04-07 08:44:13,0x0009bcea251877602885e9c9017f158ed49eb637b1842f175e98de49e7306ad4
deposit,0x29d995cc607eb5d2892923bee73fba39a05743ed,0.003,0x4200000000000000000000000000000000000006,Wrapped Ether,WETH,18,2024-04-06 23:27:29,0x001153d6cc29b7ef2f282ca72eefdb48580f733307fce79d36ab631b82c5a362
deposit,0xa008d13c82f3a075f198b44ad255f6eab379e709,0.0001,0x4200000000000000000000000000000000000006,Wrapped Ether,WETH,18,2024-04-04 12:35:33,0x000ccdfb1124f8fed25d128681f37e334e0099efe340ff27937c67c6b754248b
deposit,0x53403169af80f3ecc8dd20e0bdfe6c8a448ad286,0.00075140910193179,0x4200000000000000000000000000000000000006,Wrapped Ether,WETH,18,2024-04-02 17:22:27,0x0019a0d5568cc2c8f274b0c2b90c659dcc299af403af328419ede62ef2efd033
withdraw,0xaeeb3898ede6a6e86864688383e211132baa1af3,0.001279557236370445,0x4200000000000000000000000000000000000006,Wrapped Ether,WETH,18,2024-04-01 13:49:03,0x002444c0bf39d822d3f607aa609d7ade57ec3b4bc4a810a617f0ed7d62821505
deposit,0x836c78746a0cb114fe441eb70005b40e2c12a1ad,3.0,0xd9aaec86b65d86f6a7b5b1b0c42ffa531710b6ca,USD Base Coin,USDbC,6,2024-04-01 07:29:43,0x0002b0db4918432d5e5ffe0414625ca8aa6adfe4f084e93f56585fc19f2e9dda
deposit,0x3a3e1c8bfbd6616a9819b4591f297d1a431628f3,0.001,0x4200000000000000000000000000000000000006,Wrapped Ether,WETH,18,2024-04-01 06:02:15,0x000f2172880cd24dccd9dcd5ffbc3b665aea4cac358b182248b1e46c80d0d0ed
deposit,0x4012732e2e2794153f3d1dba987745ff3537afc8,0.19295464359860423,0x4200000000000000000000000000000000000006,Wrapped Ether,WETH,18,2024-04-01 01:37:39,0x00004c58ff559588a0852d94446ffc74676980a320960ba23f9d280bf1c8c6d1
deposit,0x7e80eac5a7462ca08b954ca5ae5bba8852756482,0.01,0x833589fcd6edb6e08f4c7c32d4f71b54bda02913,USD Coin,USDC,6,2024-03-31 14:08:43,0x000fb4b0c06688649c0892b2eb74c41f6e5d8383199506aeb8669a9336739890
withdraw,0x5afcfcb4158e484da49d1ccbf4a77ff3bdc5ffa6,10.521286,0x833589fcd6edb6e08f4c7c32d4f71b54bda02913,USD Coin,USDC,6,2024-03-30 22:01:33,0x0007cb6de321cc71142e9b43d6653c913f88c34ca6b33b94a7f3ae4490484500
deposit,0x79222e49f14ad94ba6d1788b850515177c0660d4,0.21910848292754695,0x4200000000000000000000000000000000000006,Wrapped Ether,WETH,18,2024-03-29 03:40:39,0x00191c762841dfb8ba99505a601a785b18a2c3c6b1fa3465f4f20956507c8139
withdraw,0xaeeb3898ede6a6e86864688383e211132baa1af3,0.19484222151726727,0x4200000000000000000000000000000000000006,Wrapped Ether,WETH,18,2024-03-28 16:59:19,0x001f5dd94c933ef7dcf23f8724e2e5b71a28a0b0481bb08192a5a868ba192371
withdraw,0xaeeb3898ede6a6e86864688383e211132baa1af3,0.00074627925732773,0x4200000000000000000000000000000000000006,Wrapped Ether,WETH,18,2024-03-28 08:26:31,0x000ad59dcf4d292ab5bb7789f41277f521b87c6dcb394d19d6d94c7b012ad28b
deposit,0x095b45185d241d0acddd75ff13d8d6009f3a8ed5,0.001031593446715018,0x4200000000000000000000000000000000000006,Wrapped Ether,WETH,18,2024-03-27 08:34:09,0x00142e9a072cedb1a21203ebef871286ceda91c7e6518cc5d0bef856cf6bd8aa
withdraw,0xaeeb3898ede6a6e86864688383e211132baa1af3,0.2890000352769235,0x4200000000000000000000000000000000000006,Wrapped Ether,WETH,18,2024-03-25 12:34:27,0x0022ec3eb9637dcce8652a887d9c8200db60c23be8f2c89e1fbe07dcccfc97bf
withdraw,0xa68cf152ba507c24b0b38a83d078931105776b90,0.02550000107934778,0x4200000000000000000000000000000000000006,Wrapped Ether,WETH,18,2024-03-25 11:20:49,0x00210e6b4ec02b27841c1973db930d151238bb9b4eb30008d8dccff55660f486
withdraw,0xaeeb3898ede6a6e86864688383e211132baa1af3,0.05,0x4200000000000000000000000000000000000006,Wrapped Ether,WETH,18,2024-03-24 17:26:15,0x00191df4cdac7cadea07da58366acfae5bad6f0f45c8f9bb93b316083b1088a0
withdraw,0xaeeb3898ede6a6e86864688383e211132baa1af3,0.002267972304389147,0x4200000000000000000000000000000000000006,Wrapped Ether,WETH,18,2024-03-24 09:53:13,0x0013beef802830013c272c739dc7c0bdc2e41289fe831428387dd46e0ecb8400
withdraw,0xaeeb3898ede6a6e86864688383e211132baa1af3,0.2830000719148282,0x4200000000000000000000000000000000000006,Wrapped Ether,WETH,18,2024-03-23 05:43:53,0x00292d698199ce87583e0b8967fd579fc93ad6e5bb0c87e0d56930cdc3ed18ce
withdraw,0xaeeb3898ede6a6e86864688383e211132baa1af3,1.0840000136994852,0x4200000000000000000000000000000000000006,Wrapped Ether,WETH,18,2024-03-23 02:19:51,0x0010b89334b6a80d911c9762026f1f909057de76a9f062cfbca07e3822c256b0
withdraw,0x9ad9d48606bdca7cac2a7a5a7c16fce2ab791ff2,1.059371963538166,0x4200000000000000000000000000000000000006,Wrapped Ether,WETH,18,2024-03-23 00:44:41,0x001ba94f38434ed2854dc102f172af786277525820eb765fddccb0669528169a
deposit,0x9d0fb4b309ec61cde0f2b82efbd61e8eee6160f4,0.031,0x4200000000000000000000000000000000000006,Wrapped Ether,WETH,18,2024-03-19 04:09:37,0x0018971064f7588bb7ce4d99a36c62d5ce5ed8ca3796a02b570c65ddf16f8dec
withdraw,0xaeeb3898ede6a6e86864688383e211132baa1af3,0.48354816142554935,0x4200000000000000000000000000000000000006,Wrapped Ether,WETH,18,2024-03-19 03:45:23,0x0027c167c3e576e47b3b18fb42089e0e906d6642760f7c8ea1cf1b42f29ea724
withdraw,0xaeeb3898ede6a6e86864688383e211132baa1af3,0.42504866417575515,0x4200000000000000000000000000000000000006,Wrapped Ether,WETH,18,2024-03-19 01:42:21,0x0022234e55a45a2754c96de26da074d22803ec13ff6fdfdc561e02f76f1e16c5
deposit,0xf1d3c6713cb5a7d44bfba471dafa370d5e29a7ee,0.5125,0x4200000000000000000000000000000000000006,Wrapped Ether,WETH,18,2024-03-18 08:31:41,0x001db8dab50deb0001d18adce4072ecf174431c71f4530211453173791677ebf
deposit,0x6b204c9c8b2754f1f74801f56f42d646b8f6a24c,0.004002,0x4200000000000000000000000000000000000006,Wrapped Ether,WETH,18,2024-03-17 23:35:07,0x0010cfa047fa17fd4f37624ea9c290e5b72ad1c1dae02ef710bb24c3c45bff8f
deposit,0x8bf675b7d0b701849eaa306affa55e36a308257d,15000.0,0xd9aaec86b65d86f6a7b5b1b0c42ffa531710b6ca,USD Base Coin,USDbC,6,2024-03-16 21:47:33,0x00159e215cd468aea351ae8a539cfcc4698b40be3d9a11bf3c50158bd57d755c
withdraw,0xaeeb3898ede6a6e86864688383e211132baa1af3,0.5029214784674003,0x4200000000000000000000000000000000000006,Wrapped Ether,WETH,18,2024-03-16 20:13:13,0x000c10e7b82484fca6df951fd4350cd92983d1ac85ca1553011ec5638a8620f1
withdraw,0xaeeb3898ede6a6e86864688383e211132baa1af3,0.5509333503241279,0x4200000000000000000000000000000000000006,Wrapped Ether,WETH,18,2024-03-16 10:54:31,0x000ab3bc89da33a82d6a0be0d02732ee7cfd1c036bc0acfc3281e946d3aaf17b
deposit,0xfa0d0cdd44dd42415ff19bb414c5ab818eca3b2b,0.5292742900833165,0x4200000000000000000000000000000000000006,Wrapped Ether,WETH,18,2024-03-16 01:21:13,0x001786b9e371d915d365ccbd2835d4d9a736b4901367d0ac2c2e9349a7f96a91
deposit,0xcab2aa6aeb0e49199ff96ee2092bcfac4f2878fd,0.3992239385062136,0x4200000000000000000000000000000000000006,Wrapped Ether,WETH,18,2024-03-15 21:14:31,0x0016dcaac263a8e26ea66212e746cc005c6d5cea4d9e39d4886f8c7b3928c52f
deposit,0x7b27c105c5ceca7fd63b6c9b6facce8373e92d83,0.174920112996993,0x4200000000000000000000000000000000000006,Wrapped Ether,WETH,18,2024-03-12 10:15:09,0x000f87eb2a432b0197ee7caf46c92892f3af2ae4b0de970a42c20f3cc7d1e726
withdraw,0xaeeb3898ede6a6e86864688383e211132baa1af3,0.510385195986591,0x4200000000000000000000000000000000000006,Wrapped Ether,WETH,18,2024-03-12 08:50:43,0x001a7e70feba4deb705b39658be2793e663873b0dcfc797b96330cb1113a10e3
withdraw,0xaeeb3898ede6a6e86864688383e211132baa1af3,0.007812289487864096,0x4200000000000000000000000000000000000006,Wrapped Ether,WETH,18,2024-03-10 06:21:11,0x00121082b43082d2cc8a02ee02a931880cf9f8e5d71feed9a7f139ff5b95eae1
withdraw,0xfe25939dfa353239a6e8024e8ec2558536a1775e,45.000014,0xd9aaec86b65d86f6a7b5b1b0c42ffa531710b6ca,USD Base Coin,USDbC,6,2024-03-03 10:23:27,0x00176238635bbd17c15e08e063df3ef58f3452a7ab2cc5373699fe6662c3ba00
deposit,0x6af235d2bbe050e6291615b71ca5829658810142,500.0,0x4200000000000000000000000000000000000006,Wrapped Ether,WETH,18,2024-02-25 02:58:33,0x001bc6db70f4c72e43722ef8d4c8c03f22a5004a50d440c9402c546f013e9ea9
deposit,0x393fe14afae3cfec787b6fe4aed9089d2c45edec,0.004030989604593928,0x4200000000000000000000000000000000000006,Wrapped Ether,WETH,18,2024-02-22 12:03:11,0x0016b5e8ae3bafbe627264f18860cfb16fb0b1d7aa75fd535f7586fa7565f774
deposit,0xe34a47c875c1c07c8773cb8df0eaadd7e3963931,0.000875,0x4200000000000000000000000000000000000006,Wrapped Ether,WETH,18,2024-02-17 22:31:57,0x00068180cac89b0f111e4fd6a354b73462d4f4dc4f21497d113a85c295da0e7b
deposit,0xf9b9ceb7680d269818d3bc5fa5cae9a14981e008,406.369679,0x833589fcd6edb6e08f4c7c32d4f71b54bda02913,USD Coin,USDC,6,2024-02-14 16:02:51,0x0013ed041eee225273a978f616538822aa079c1191343af8dfa437746938623a
deposit,0x311e776d4e861963d459030e77f26c3db1589fbe,5e-05,0x4200000000000000000000000000000000000006,Wrapped Ether,WETH,18,2024-02-11 02:55:41,0x00132b7325e97be1155db23800ed6de39f3eaa5a9741d934e536652e13cf1a97
deposit,0xa4b80f3f0ac237b3bb7115e52c7e2356b61cce0f,0.4,0xc1cba3fcea344f92d9239c08c0568f6f2f0ee452,Wrapped liquid staked Ether 2.0,wstETH,18,2024-02-10 19:46:23,0x0009644fac4e8fdb75f646a65f2942232d907085bcbc5a4d4f0b405e42487b97
withdraw,0x57a255806937783c7a7139d8b0b8e46178f50960,0.010000000013216367,0x4200000000000000000000000000000000000006,Wrapped Ether,WETH,18,2024-02-04 13:35:41,0x00262cc2a996b3529e4059f44baac4602fc87751e264096776d7e1b1cb184d00
withdraw,0xaeeb3898ede6a6e86864688383e211132baa1af3,1.1100000088532236,0x4200000000000000000000000000000000000006,Wrapped Ether,WETH,18,2024-02-04 00:41:17,0x001a28d0af1fb7022e694365de94576e575c1a8d83f40f6fd5247b280cb5d7fc
withdraw,0xe3b2af291c0963785f417136b10b9d188d6aa60b,4.134783,0xd9aaec86b65d86f6a7b5b1b0c42ffa531710b6ca,USD Base Coin,USDbC,6,2024-02-03 11:45:43,0x00166132fa57d49e272874bcde317d32f32b9ffdc56920f5c05f3c5b02e72db7
deposit,0xd4e589d8d8263137ff00cde8f1aaa9ea223ab5aa,50.0,0x833589fcd6edb6e08f4c7c32d4f71b54bda02913,USD Coin,USDC,6,2024-02-02 18:04:13,0x000cbd44d12a5533a82f47f95a752cdd17591bf9f07a2249218eb4ab27417e15
deposit,0x6f4be2032cef82b79e7b928243938f6a858e48be,26.0,0x833589fcd6edb6e08f4c7c32d4f71b54bda02913,USD Coin,USDC,6,2024-01-31 07:47:07,0x00075eafd53397baa9df88c11ee5f04691c2b7f2ea2ea6d544620bd55090d05d
deposit,0xa23074a6582885fd185f196791fa56f94bfb14dd,0.23874,0x4200000000000000000000000000000000000006,Wrapped Ether,WETH,18,2024-01-24 04:47:11,0x0019b09379d6a3c0589064b3652d217fb8bd76d20e405e1d403df25f8b9f7e3f
withdraw,0xaeeb3898ede6a6e86864688383e211132baa1af3,0.5825340390647922,0x4200000000000000000000000000000000000006,Wrapped Ether,WETH,18,2024-01-23 17:45:13,0x000595d50f72325c3133b3df65d95a5107884a07b16f6641625be28cdadb3dea
withdraw,0xaeeb3898ede6a6e86864688383e211132baa1af3,0.010000030070615064,0x4200000000000000000000000000000000000006,Wrapped Ether,WETH,18,2024-01-23 16:08:15,0x0015ea7a0f5cb9db1164ed0415306e1408328c5efd8953fdca630e12a801d17b
deposit,0x0c062720403b2227728f63fb33a53c464e3a049e,6.7250080432348e-05,0x4200000000000000000000000000000000000006,Wrapped Ether,WETH,18,2024-01-21 03:02:19,0x000be432d6991738882c14086610b475106f16af0dde03428e092f605b50f231
deposit,0x455b4d1d140917c76f69ae9f818d15c7f16c062a,1.00965481,0x4200000000000000000000000000000000000006,Wrapped Ether,WETH,18,2024-01-19 12:36:05,0x000aa0019c519681e627e91f9a131560646fdd133bf6da1dd3222dbe4ff9e6e9
withdraw,0xb9a33f532a29b429789c955f18fefe332447dd20,26.489616784513963,0x50c5725949a6f0c72e6c4a641f24049a917db0cb,Dai Stablecoin,DAI,18,2024-01-11 12:31:51,0x001c47855153cdcaa09893426b90bd692029dfa44a7ff61cf8e05dc7e7a3d0ae
withdraw,0xaeeb3898ede6a6e86864688383e211132baa1af3,0.023762586097229695,0x4200000000000000000000000000000000000006,Wrapped Ether,WETH,18,2024-01-10 05:04:45,0x0006bad68ef88c9209fe021245d2e46e05688894b1c640f02f4065ee07a6e9aa
deposit,0x8130b31df417ecaea2fa14e7d34599c7af905295,1.1215246046881757,0x4200000000000000000000000000000000000006,Wrapped Ether,WETH,18,2024-01-06 20:47:07,0x0010ad04a53e062519212e4aaf48abbe91747d4fa89a0b807ea2e18d68c3b844
withdraw,0xaeeb3898ede6a6e86864688383e211132baa1af3,2.790007813403507,0x4200000000000000000000000000000000000006,Wrapped Ether,WETH,18,2023-12-30 12:01:21,0x000d7f64376075c62664fb1591e97a31d28ed35dfe6b0e90a8b7df3bf2027b8c
deposit,0x0f3c4c5fe2e0a999470efd418bd4e085e0460a51,104.103478,0xd9aaec86b65d86f6a7b5b1b0c42ffa531710b6ca,USD Base Coin,USDbC,6,2023-12-29 02:41:37,0x00078cae7265c25b80e2cf06a04a931f4a3220da2e57a6a6f2aaeb4acf088583
withdraw,0xaeeb3898ede6a6e86864688383e211132baa1af3,0.002337000000052454,0x4200000000000000000000000000000000000006,Wrapped Ether,WETH,18,2023-12-24 14:25:21,0x001bbfb48bf871c37376b52724c0af51247d037aee443d68aa83b9fa4a22a45b
deposit,0x2a28aa5d3fa8917d5e586a17c12cc02c28e476ae,0.005,0x4200000000000000000000000000000000000006,Wrapped Ether,WETH,18,2023-12-22 20:03:41,0x001753c91c6f109ade4aa6924709b609bba16aa24790dcbb1d3787c03b07f563
withdraw,0x1174f03604b606bcfe50aaaf96af4477f3e81977,10.0,0xd9aaec86b65d86f6a7b5b1b0c42ffa531710b6ca,USD Base Coin,USDbC,6,2023-12-22 15:35:23,0x000080448011eed2cb9a8ef48f86025be5f4e088784564b86039618b9f64c1e4
withdraw,0x1f914c600be8632f0cb8eff92a6276e109e8f7c2,86.313696,0xd9aaec86b65d86f6a7b5b1b0c42ffa531710b6ca,USD Base Coin,USDbC,6,2023-12-20 12:44:35,0x00064756f94ce4b4f5a349208f39f60f71c58ad3d1a50537640ee68bb23950a6
withdraw,0xaeeb3898ede6a6e86864688383e211132baa1af3,0.9000000000280757,0x4200000000000000000000000000000000000006,Wrapped Ether,WETH,18,2023-12-20 11:44:07,0x0010e7f6678afa267ff87a222b638c94ee8080cc27c3b3c1c11506cdcf0d35f5
deposit,0xfe76ca309a550827b6fbd272dce74879b21d9292,0.0113,0x4200000000000000000000000000000000000006,Wrapped Ether,WETH,18,2023-12-14 08:38:29,0x000f42583b74095b6c1bad21d4e08e966c1da60b90ad410d8b67b98190982765
deposit,0x515ec0ad96e91218dc799e72c1b91742f510a0ba,0.001,0x4200000000000000000000000000000000000006,Wrapped Ether,WETH,18,2023-12-13 22:02:45,0x000228c6f88025b5d43375b0743e1df183532530b5a1b63e7b61f3bde21b2ba3
deposit,0x8341c4106523b49fc247f84e412bb2af5597038f,1.0,0xd9aaec86b65d86f6a7b5b1b0c42ffa531710b6ca,USD Base Coin,USDbC,6,2023-12-12 14:58:57,0x00178728b2e494c14a12deca5295a06110f904af9dddeb31425f61724b897fb7
deposit,0xc90fe05d40f91437a9c0ec18f9da7a6e8e032b12,0.15776860725957192,0x4200000000000000000000000000000000000006,Wrapped Ether,WETH,18,2023-12-07 09:47:57,0x00167bccdff9b43a760814d4d13b1c36d1d8982d5ef696c6f93691275c99f260
deposit,0x85e688aa03893b03fa4b942292faab9f6a585901,0.00405,0x4200000000000000000000000000000000000006,Wrapped Ether,WETH,18,2023-11-04 03:43:43,0x000ff1961e3c437029f1de3b36ddfe22fa291cb74f70d20504e07e575ceaa237
deposit,0x31313ea99ea1c45efbc3c08dd143d2499b1aa4a7,0.00010133185319344,0x4200000000000000000000000000000000000006,Wrapped Ether,WETH,18,2023-10-13 05:22:07,0x0011ff49325f336f825096f80ba82cc487e5ae74f9df6d8ddc248e3506856903
withdraw,0xaeeb3898ede6a6e86864688383e211132baa1af3,0.005690324524983261,0x4200000000000000000000000000000000000006,Wrapped Ether,WETH,18,2023-10-12 13:22:33,0x0000920e821f018b20a5dbe571c85864b1bb8b2720c66ca7b19bdb4e1db9cf10
withdraw,0xaeeb3898ede6a6e86864688383e211132baa1af3,32.95,0x4200000000000000000000000000000000000006,Wrapped Ether,WETH,18,2023-10-12 08:14:35,0x0015817c5898c9b2a04644e24b0d0c8454242f947fae9d7103ddc49fa52f7154
